<?xml version="1.0" encoding="utf-8" ?>
<Patch>
	
	<!-- Coal -->
	<Operation Class="PatchOperationSequence">
		<success>Always</success>
		<operations>
			<li Class="PatchOperationTest">
				<xpath>Defs/ThingDef[defName="Coal"]</xpath>
			</li>
			<li Class="PatchOperationAdd">
				<xpath>
					Defs/*[self::RecipeDef[defName="NECForgeSteel"] or 
					self::RecipeDef[defName="NECForgeSteelBulk"] or 
					self::RecipeDef[defName="NECForgeSteelBulker"] or
					self::RecipeDef[defName="NECForgeSteelMoreBulker"] or
					self::ThingDef[defName="NECBloomery"]]
					//thingDefs[parent::filter and 
					not(li/text()="NECIron") or parent::fixedIngredientFilter or parent::fuelFilter]
				</xpath>
				<value>
					<li>Coal</li>
				</value>
			</li>
		</operations>
	</Operation>
	
	<!-- Charcoal -->
	<Operation Class="PatchOperationSequence">
		<success>Always</success>
		<operations>
			<li Class="PatchOperationTest">
				<xpath>Defs/ThingDef[defName="Charcoal"]</xpath>
			</li>
			<li Class="PatchOperationAdd">
				<xpath>
					Defs/*[self::RecipeDef[defName="NECForgeSteel"] or 
					self::RecipeDef[defName="NECForgeSteelBulk"] or 
					self::RecipeDef[defName="NECForgeSteelBulker"] or
					self::RecipeDef[defName="NECForgeSteelMoreBulker"] or
					self::ThingDef[defName="NECBloomery"]]
					//thingDefs[parent::filter and 
					not(li/text()="NECIron") or parent::fixedIngredientFilter or parent::fuelFilter]
				</xpath>
				<value>
					<li>Charcoal</li>
				</value>
			</li>
		</operations>
	</Operation>

	<!-- WDCoal -->
	<Operation Class="PatchOperationSequence">
		<success>Always</success>
		<operations>
			<li Class="PatchOperationTest">
				<xpath>Defs/ThingDef[defName="WDCoal"]</xpath>
			</li>
			<li Class="PatchOperationAdd">
				<xpath>
					Defs/*[self::RecipeDef[defName="NECForgeSteel"] or 
					self::RecipeDef[defName="NECForgeSteelBulk"] or 
					self::RecipeDef[defName="NECForgeSteelBulker"] or
					self::RecipeDef[defName="NECForgeSteelMoreBulker"] or
					self::ThingDef[defName="NECBloomery"]]
					//thingDefs[parent::filter and 
					not(li/text()="NECIron") or parent::fixedIngredientFilter or parent::fuelFilter]
				</xpath>
				<value>
					<li>WDCoal</li>
				</value>
			</li>
		</operations>
	</Operation>

	<!-- CoalOre -->
	<Operation Class="PatchOperationSequence">
		<success>Always</success>
		<operations>
			<li Class="PatchOperationTest">
				<xpath>Defs/ThingDef[defName="CoalOre"]</xpath>
			</li>
			<li Class="PatchOperationAdd">
				<xpath>
					Defs/*[self::RecipeDef[defName="NECForgeSteel"] or 
					self::RecipeDef[defName="NECForgeSteelBulk"] or 
					self::RecipeDef[defName="NECForgeSteelBulker"] or
					self::RecipeDef[defName="NECForgeSteelMoreBulker"] or
					self::ThingDef[defName="NECBloomery"]]
					//thingDefs[parent::filter and 
					not(li/text()="NECIron") or parent::fixedIngredientFilter or parent::fuelFilter]
				</xpath>
				<value>
					<li>CoalOre</li>
				</value>
			</li>
		</operations>
	</Operation>

	<!-- AM_Coal -->
	<Operation Class="PatchOperationSequence">
		<success>Always</success>
		<operations>
			<li Class="PatchOperationTest">
				<xpath>Defs/ThingDef[defName="AM_Coal"]</xpath>
			</li>
			<li Class="PatchOperationAdd">
				<xpath>
					Defs/*[self::RecipeDef[defName="NECForgeSteel"] or 
					self::RecipeDef[defName="NECForgeSteelBulk"] or 
					self::RecipeDef[defName="NECForgeSteelBulker"] or
					self::RecipeDef[defName="NECForgeSteelMoreBulker"] or
					self::ThingDef[defName="NECBloomery"]]
					//thingDefs[parent::filter and 
					not(li/text()="NECIron") or parent::fixedIngredientFilter or parent::fuelFilter]
				</xpath>
				<value>
					<li>AM_Coal</li>
				</value>
			</li>
		</operations>
	</Operation>

	<!-- AM_CokeCoal -->
	<Operation Class="PatchOperationSequence">
		<success>Always</success>
		<operations>
			<li Class="PatchOperationTest">
				<xpath>Defs/ThingDef[defName="AM_CokeCoal"]</xpath>
			</li>
			<li Class="PatchOperationAdd">
				<xpath>
					Defs/*[self::RecipeDef[defName="NECForgeSteel"] or 
					self::RecipeDef[defName="NECForgeSteelBulk"] or 
					self::RecipeDef[defName="NECForgeSteelBulker"] or
					self::RecipeDef[defName="NECForgeSteelMoreBulker"] or
					self::ThingDef[defName="NECBloomery"]]
					//thingDefs[parent::filter and 
					not(li/text()="NECIron") or parent::fixedIngredientFilter or parent::fuelFilter]
				</xpath>
				<value>
					<li>AM_CokeCoal</li>
				</value>
			</li>
		</operations>
	</Operation>

	<!-- RPC_Charcoal -->
	<Operation Class="PatchOperationSequence">
		<success>Always</success>
		<operations>
			<li Class="PatchOperationTest">
				<xpath>Defs/ThingDef[defName="RPC_Charcoal"]</xpath>
			</li>
			<li Class="PatchOperationAdd">
				<xpath>
					Defs/*[self::RecipeDef[defName="NECForgeSteel"] or 
					self::RecipeDef[defName="NECForgeSteelBulk"] or 
					self::RecipeDef[defName="NECForgeSteelBulker"] or
					self::RecipeDef[defName="NECForgeSteelMoreBulker"] or
					self::ThingDef[defName="NECBloomery"]]
					//thingDefs[parent::filter and 
					not(li/text()="NECIron") or parent::fixedIngredientFilter or parent::fuelFilter]
				</xpath>
				<value>
					<li>RPC_Charcoal</li>
				</value>
			</li>
		</operations>
	</Operation>

	<!-- AYCharcoal -->
	<Operation Class="PatchOperationSequence">
		<success>Always</success>
		<operations>
			<li Class="PatchOperationTest">
				<xpath>Defs/ThingDef[defName="AYCharcoal"]</xpath>
			</li>
			<li Class="PatchOperationAdd">
				<xpath>
					Defs/*[self::RecipeDef[defName="NECForgeSteel"] or 
					self::RecipeDef[defName="NECForgeSteelBulk"] or 
					self::RecipeDef[defName="NECForgeSteelBulker"] or
					self::RecipeDef[defName="NECForgeSteelMoreBulker"] or
					self::ThingDef[defName="NECBloomery"]]
					//thingDefs[parent::filter and 
					not(li/text()="NECIron") or parent::fixedIngredientFilter or parent::fuelFilter]
				</xpath>
				<value>
					<li>AYCharcoal</li>
				</value>
			</li>
		</operations>
	</Operation>

	<!-- SRV_Charcoal -->
	<Operation Class="PatchOperationSequence">
		<success>Always</success>
		<operations>
			<li Class="PatchOperationTest">
				<xpath>Defs/ThingDef[defName="SRV_Charcoal"]</xpath>
			</li>
			<li Class="PatchOperationAdd">
				<xpath>
					Defs/*[self::RecipeDef[defName="NECForgeSteel"] or 
					self::RecipeDef[defName="NECForgeSteelBulk"] or 
					self::RecipeDef[defName="NECForgeSteelBulker"] or
					self::RecipeDef[defName="NECForgeSteelMoreBulker"] or
					self::ThingDef[defName="NECBloomery"]]
					//thingDefs[parent::filter and 
					not(li/text()="NECIron") or parent::fixedIngredientFilter or parent::fuelFilter]
				</xpath>
				<value>
					<li>SRV_Charcoal</li>
				</value>
			</li>
		</operations>
	</Operation>

	<!-- MedTimes_Resource_Coal -->
	<Operation Class="PatchOperationSequence">
		<success>Always</success>
		<operations>
			<li Class="PatchOperationTest">
				<xpath>Defs/ThingDef[defName="MedTimes_Resource_Coal"]</xpath>
			</li>
			<li Class="PatchOperationAdd">
				<xpath>
					Defs/*[self::RecipeDef[defName="NECForgeSteel"] or 
					self::RecipeDef[defName="NECForgeSteelBulk"] or 
					self::RecipeDef[defName="NECForgeSteelBulker"] or
					self::RecipeDef[defName="NECForgeSteelMoreBulker"] or
					self::ThingDef[defName="NECBloomery"]]
					//thingDefs[parent::filter and 
					not(li/text()="NECIron") or parent::fixedIngredientFilter or parent::fuelFilter]
				</xpath>
				<value>
					<li>MedTimes_Resource_Coal</li>
				</value>
			</li>
		</operations>
	</Operation>

	<!-- XIcharcoal -->
	<Operation Class="PatchOperationSequence">
		<success>Always</success>
		<operations>
			<li Class="PatchOperationTest">
				<xpath>Defs/ThingDef[defName="XIcharcoal"]</xpath>
			</li>
			<li Class="PatchOperationAdd">
				<xpath>
					Defs/*[self::RecipeDef[defName="NECForgeSteel"] or 
					self::RecipeDef[defName="NECForgeSteelBulk"] or 
					self::RecipeDef[defName="NECForgeSteelBulker"] or
					self::RecipeDef[defName="NECForgeSteelMoreBulker"] or
					self::ThingDef[defName="NECBloomery"]]
					//thingDefs[parent::filter and 
					not(li/text()="NECIron") or parent::fixedIngredientFilter or parent::fuelFilter]
				</xpath>
				<value>
					<li>XIcharcoal</li>
				</value>
			</li>
		</operations>
	</Operation>

</Patch>				