<?xml version="1.0" encoding="utf-8" ?>
<Patch>

	<Operation Class="PatchOperationFindMod">
		<mods>
			<li>Combat Extended</li>
		</mods>
		<match Class="PatchOperationSequence">
			<success>Always</success>
			<operations>
				<li Class="PatchOperationReplace">
					<xpath>Defs/ThingDef[defName="NECIron"]/statBases/StuffPower_Armor_Sharp</xpath>
					<value>
						<StuffPower_Armor_Sharp>0.6</StuffPower_Armor_Sharp>
					</value>
				</li>
				<li Class="PatchOperationReplace">
					<xpath>Defs/ThingDef[defName="NECIron"]/statBases/StuffPower_Armor_Blunt</xpath>
					<value>
						<StuffPower_Armor_Blunt>0.49</StuffPower_Armor_Blunt>
					</value>
				</li>
				<li Class="PatchOperationAdd">
					<xpath>Defs/ThingDef[defName="NECIron"]/statBases</xpath>
					<value>
						<Bulk>0.04</Bulk>
					</value>
				</li>
				<li Class="PatchOperationAdd">
					<xpath>Defs/ThingDef[defName="NECIron"]/stuffProps/categories</xpath>
					<value>
						<li>Metallic_Weapon</li>
					</value>
				</li>
			</operations>
		</match>
	</Operation>

	
</Patch>