<?xml version="1.0" encoding="utf-8" ?>
<Defs>

  <ThingDef ParentName="BuildingBase">
    <defName>NECBloomery</defName>
    <label>bloomery</label>
    <description>A chamber which can be fired hot enough to forge iron into steel, though only small amounts and not as quickly as a smithy or smelter. Can be fueled with wood and coal.</description>    
    <thingClass>Building_WorkTable</thingClass>
    <category>Building</category>
    <graphicData>
      <texPath>NECBloomery</texPath>
      <graphicClass>Graphic_Single</graphicClass>
      <drawRotated>false</drawRotated>
      <allowFlip>false</allowFlip>
      <drawSize>(1.3, 1.3)</drawSize>
    </graphicData>
    <altitudeLayer>Building</altitudeLayer>
    <passability>PassThroughOnly</passability>
    <pathCost>50</pathCost>
    <tickerType>Normal</tickerType>
    <drawerType>RealtimeOnly</drawerType>
    <fillPercent>0.40</fillPercent>
    <surfaceType>Item</surfaceType>
    <statBases>
      <MaxHitPoints>50</MaxHitPoints>
      <WorkToBuild>350</WorkToBuild>
      <Flammability>0</Flammability>
      <WorkTableWorkSpeedFactor>0.5</WorkTableWorkSpeedFactor>
    </statBases>
    <selectable>true</selectable>
    <costStuffCount>2</costStuffCount>
    <stuffCategories>
      <li>Chunks</li>
    </stuffCategories>
    <soundImpactDefault>BulletImpact_Ground</soundImpactDefault>
    <resourcesFractionWhenDeconstructed>.75</resourcesFractionWhenDeconstructed>
    <drawPlaceWorkersWhileSelected>true</drawPlaceWorkersWhileSelected>
    <placeWorkers>
      <li>PlaceWorker_PreventInteractionSpotOverlap</li>
    </placeWorkers>
    <comps>
      <li Class="CompProperties_Refuelable">
        <fuelConsumptionRate>20.0</fuelConsumptionRate>
        <fuelCapacity>50.0</fuelCapacity>
        <fuelFilter>
          <thingDefs>
            <li>WoodLog</li>
          </thingDefs>
        </fuelFilter>
        <initialFuelPercent>0</initialFuelPercent>
        <consumeFuelOnlyWhenUsed>true</consumeFuelOnlyWhenUsed>
      </li>
      <li Class="CompProperties_Glower">
        <glowRadius>3</glowRadius>
        <glowColor>(252,187,113,0)</glowColor>
      </li>
      <li Class="CompProperties_HeatPusher">
        <compClass>CompHeatPusherPowered</compClass>
        <heatPerSecond>3</heatPerSecond>
        <heatPushMaxTemperature>15</heatPushMaxTemperature>
      </li>
      <li Class="CompProperties_FireOverlay">
        <fireSize>0.6</fireSize>
        <offset>(0, 0, -0.1)</offset>
      </li>
    </comps>
    <designationCategory>Production</designationCategory>
    <hasInteractionCell>True</hasInteractionCell>
    <interactionCellOffset>(0,0,-1)</interactionCellOffset>
    <recipes>
      <li>SmeltWeapon</li>
      <li>DestroyWeapon</li>
    </recipes>
    <inspectorTabs>
      <li>ITab_Bills</li>
    </inspectorTabs>
    <building>
      <isMealSource>false</isMealSource>
      <spawnedConceptLearnOpportunity>BillsTab</spawnedConceptLearnOpportunity>
    </building>
  </ThingDef>
  
</Defs>